id;name;path_to_folder
0;5 Плюх;bloggers/0
1;10AGE;bloggers/1
2;163onmyneck;bloggers/2
3;Абрамов, Рахим;bloggers/3
4;Ай, Айза-Лилуна Хамзатовна;bloggers/4
5;Алёхин, Евгений Игоревич;bloggers/5
6;Ант (музыкант);bloggers/6
7;Антоха MC;bloggers/7
8;Ассаи;bloggers/8
10;Бакей;bloggers/10
11;Баста (музыкант);bloggers/11
12;Бледный (музыкант);bloggers/12
13;Брутто (рэпер);bloggers/13
14;Бурнышев, Игорь Юрьевич;bloggers/14
15;Варчун (рэпер);bloggers/15
16;ВесЪ (рэпер);bloggers/16
17;Винт (рэпер);bloggers/17
18;Вис Виталис;bloggers/18
19;Влади (рэпер);bloggers/19
20;Галат, Владимир Александрович;bloggers/20
21;Ганвест;bloggers/21
23;Горозия, Леван Емзарович;bloggers/23
24;Грязный Луи;bloggers/24
25;Грязный Рамирес;bloggers/25
26;Гуф;bloggers/26
27;Дельфин (музыкант);bloggers/27
28;Децл;bloggers/28
29;Джарахов, Эльдар Казанфарович;bloggers/29
31;Джиган;bloggers/31
32;Джизус;bloggers/32
33;Жак-Энтони;bloggers/33
34;Жиган, Рома;bloggers/34
35;Замай (рэпер);bloggers/35
36;Звонкий;bloggers/36
37;Змей (рэпер);bloggers/37
38;Инстасамка;bloggers/38
39;Кажэ Обойма;bloggers/39
40;Калюжный, Глеб Дмитриевич;bloggers/40
41;Карандаш (рэпер);bloggers/41
42;Энди Картрайт;bloggers/42
43;Качер, Артём;bloggers/43
44;Кит, Андрей;bloggers/44
45;Кравц;bloggers/45
46;Крид, Егор;bloggers/46
47;Крип-а-Крип;bloggers/47
49;Крэк (рэпер);bloggers/49
50;Купер (рэпер);bloggers/50
51;Лана (певица);bloggers/51
52;Лигалайз;bloggers/52
54;Лиззка;bloggers/54
55;Лика Стар;bloggers/55
56;Лок Дог;bloggers/56
57;ЛСП;bloggers/57
58;Маваши, Миша;bloggers/58
59;Мартич, Петар;bloggers/59
61;Михаил Краснодеревщик;bloggers/61
62;Михей (певец);bloggers/62
63;Молодой Платон;bloggers/63
64;Моргенштерн;bloggers/64
65;Мот (рэпер);bloggers/65
66;Мэйти;bloggers/66
67;Наум Блик;bloggers/67
68;Нигатив;bloggers/68
69;Нурминский (музыкант);bloggers/69
70;Паша Техник;bloggers/70
71;Перминов, Алексей Александрович;bloggers/71
72;Петрова, Милана Вадимовна;bloggers/72
74;ПИЭМ;bloggers/74
75;Птаха (рэпер);bloggers/75
76;Рем Дигга;bloggers/76
78;Рич (рэпер);bloggers/78
80;СД (музыкант);bloggers/80
81;Сидоров, Антон Валерьевич;bloggers/81
82;Симановская, Марина Игоревна;bloggers/82
83;Скриптонит;bloggers/83
84;Скул, Саша;bloggers/84
85;Слава КПСС;bloggers/85
86;Словетский;bloggers/86
87;Смоки Мо;bloggers/87
89;Сява (рэпер);bloggers/89
90;Тати (певица);bloggers/90
91;Тимати;bloggers/91
92;Типси Тип;bloggers/92
93;Титомир, Богдан Петрович;bloggers/93
94;Трутень (рэпер);bloggers/94
95;Федук;bloggers/95
97;Фогель (певец);bloggers/97
98;Хамиль;bloggers/98
99;Ханза;bloggers/99
100;Хаски (рэпер);bloggers/100
101;Хип-Хоп Одинокой Старухи;bloggers/101
102;Хованский, Юрий Михайлович;bloggers/102
103;Чаян Фамали;bloggers/103
104;Шеff;bloggers/104
105;Шип, Егор;bloggers/105
106;Шым;bloggers/106
107;Элджей;bloggers/107
108;Abbalbisk;bloggers/108
109;Al Solo;bloggers/109
110;Alblak 52;bloggers/110
111;Alizade;bloggers/111
112;Andro;bloggers/112
113;ATL (рэпер);bloggers/113
114;Babangida;bloggers/114
115;Bahh Tee;bloggers/115
116;Basic Boy;bloggers/116
117;Big Baby Tape;bloggers/117
118;Big Russian Boss;bloggers/118
119;Blago White;bloggers/119
120;Bodiev;bloggers/120
121;Booker;bloggers/121
122;Boulevard Depo;bloggers/122
123;Bushido Zho;bloggers/123
124;Capella (музыкант);bloggers/124
126;Coldcloud;bloggers/126
127;CYGO;bloggers/127
128;Deep-Ex-Sense;bloggers/128
130;Dime;bloggers/130
131;Dino MC 47;bloggers/131
132;DJ 108;bloggers/132
134;DJ Кефир;bloggers/134
138;Doni (рэпер);bloggers/138
139;Drago;bloggers/139
140;Dzham;bloggers/140
141;Face;bloggers/141
142;Hensy;bloggers/142
143;Horus;bloggers/143
145;Iroh (музыкант);bloggers/145
146;Ivan Valeev;bloggers/146
147;Jahmal TGK;bloggers/147
149;Jeembo;bloggers/149
150;Johnyboy;bloggers/150
151;Kizaru;bloggers/151
153;Kristina Si;bloggers/153
154;Lizer;bloggers/154
155;Loqiemean;bloggers/155
156;Lovv66;bloggers/156
157;Luxor (певец);bloggers/157
158;Macan;bloggers/158
159;Markul;bloggers/159
160;Matrang;bloggers/160
161;Mayot;bloggers/161
162;MC 1.8;bloggers/162
163;MC Молодой;bloggers/163
165;Metox;bloggers/165
166;Mnogoznaal;bloggers/166
167;Moneyken;bloggers/167
168;Mozee Montana;bloggers/168
169;Mr. Bruce;bloggers/169
170;Murda Killa;bloggers/170
171;Mutabor;bloggers/171
173;Natan;bloggers/173
174;Nel (рэпер);bloggers/174
175;Noa (певец);bloggers/175
176;Noize MC;bloggers/176
177;Obladaet;bloggers/177
178;OFFMi;bloggers/178
179;OG Buda;bloggers/179
180;Oxxxymiron;bloggers/180
181;Pharaoh;bloggers/181
182;PLC (рэпер);bloggers/182
183;Pra(Killa'Gramm);bloggers/183
184;Pyrokinesis;bloggers/184
185;Ramil’;bloggers/185
187;RE-pac;bloggers/187
188;Redo;bloggers/188
189;Rickey F;bloggers/189
190;Saluki;bloggers/190
191;Say Mo;bloggers/191
192;Scally Milano;bloggers/192
193;Schokk;bloggers/193
194;Seemee;bloggers/194
196;Sir-J;bloggers/196
197;Slame;bloggers/197
198;Slava Marlow;bloggers/198
199;Slim;bloggers/199
200;Абдурахманов, Тумсо Умалтович;bloggers/200
201;Айс, Саша;bloggers/201
202;Албуров, Георгий Валентинович;bloggers/202
203;Александр (Митрофанов);bloggers/203
204;Антоний (Попович);bloggers/204
205;Бабешкин, Вадим;bloggers/205
206;Бегичев, Павел Александрович;bloggers/206
207;Белова, Мария;bloggers/207
208;Беседина, Дарья Станиславовна;bloggers/208
209;Mia Boyka;bloggers/209
210;Бойко, Сергей Андреевич;bloggers/210
211;Бондаренко, Николай Николаевич;bloggers/211
212;Брюханова, Анастасия Андреевна;bloggers/212
213;Булычёв, Богдан Юрьевич;bloggers/213
214;Василенко, Елизавета Вадимовна;bloggers/214
215;Гайд, Павел;bloggers/215
217;Горбачёва, Ирина Анатольевна;bloggers/217
218;Гордей, Дмитрий Михайлович;bloggers/218
219;Mary Gu;bloggers/219
220;Гудков, Александр Владимирович;bloggers/220
222;Делягин, Михаил Геннадьевич;bloggers/222
223;Доренко, Сергей Леонидович;bloggers/223
224;Дробышевский, Станислав Владимирович;bloggers/224
225;Дружко, Сергей Евгеньевич;bloggers/225
226;Есьман, Соня;bloggers/226
227;Жданов, Иван Юрьевич;bloggers/227
228;Жуков, Клим Александрович;bloggers/228
229;Заруцкий, Константин Сергеевич;bloggers/229
230;Клэп, Катя;bloggers/230
231;Коваленко, Святослав Владимирович;bloggers/231
232;Коваль, Юля;bloggers/232
233;Ковальчук, Никита Васильевич;bloggers/233
235;Кросс, Карина;bloggers/235
236;Крыгина, Елена Александровна;bloggers/236
237;Купер, Софа;bloggers/237
238;Кшиштовский, Михаил Александрович;bloggers/238
239;Ляскин, Николай Николаевич;bloggers/239
240;Мальцев, Вячеслав Вячеславович;bloggers/240
241;Марцинкевич, Максим Сергеевич;bloggers/241
242;Матвиенко, Сергей Борисович;bloggers/242
243;Милонов, Виталий Валентинович;bloggers/243
245;Мэй, Энни;bloggers/245
246;Наки, Майкл;bloggers/246
247;Никифоров, Сергей Игоревич;bloggers/247
248;Осташко, Руслан Станиславович;bloggers/248
249;Павленко, Андрей Николаевич (онколог);bloggers/249
250;Певчих, Мария Константиновна;bloggers/250
251;Пивоваров, Алексей Владимирович;bloggers/251
252;Плющев, Александр Владимирович;bloggers/252
253;Пузо, Виктор;bloggers/253
254;Пучков, Дмитрий Юрьевич;bloggers/254
255;Пьяных, Глеб Валентинович;bloggers/255
256;Саева, Дина;bloggers/256
257;Соболь, Любовь Эдуардовна;bloggers/257
258;Соколов, Александр Борисович (научный журналист);bloggers/258
259;Стас «Ай, Как Просто!»;bloggers/259
260;Сурдин, Владимир Георгиевич;bloggers/260
261;Сыендук;bloggers/261
262;Тимонова, Евгения Валентиновна;bloggers/262
263;Тюняев, Андрей Александрович;bloggers/263
264;Усманов, Алишер Бурханович;bloggers/264
265;Усольцев, Александр Павлович;bloggers/265
266;Федункив, Марина Гавриловна;bloggers/266
267;Ханкишиев, Сталик;bloggers/267
268;Ходорковский, Михаил Борисович;bloggers/268
269;Черных, Герман Александрович;bloggers/269
270;Шаведдинов, Руслан Табризович;bloggers/270
271;Шпагина, Анастасия;bloggers/271
272;Щербаков, Алексей Сергеевич (комик);bloggers/272
273;Anivar;bloggers/273
276;Tenderlybae;bloggers/276
277;Wylsacom;bloggers/277
278;Агутин, Леонид Николаевич;bloggers/278
279;Адушкина, Катя;bloggers/279
280;Алибутаев, Омар Насрудинович;bloggers/280
281;Альбац, Евгения Марковна;bloggers/281
282;Андронов, Алексей Александрович;bloggers/282
283;Анин, Роман Александрович;bloggers/283
284;Анкудинова, Диана Дмитриевна;bloggers/284
286;Астер, Диана;bloggers/286
287;Аурум, Алёна;bloggers/287
288;Барецкий, Станислав Валерьевич;bloggers/288
289;Басков, Николай Викторович;bloggers/289
290;Батрутдинов, Тимур Тахирович;bloggers/290
291;Безруков, Сергей Витальевич;bloggers/291
292;Бондарчук, Светлана Витальевна;bloggers/292
293;Борзенков, Михаил Сергеевич;bloggers/293
294;Борзунова, Мария Михайловна;bloggers/294
295;Борисов, Максим Олегович;bloggers/295
296;Брайн Мапс;bloggers/296
297;Бустер (видеоблогер);bloggers/297
298;Буфеев, Константин Валентинович;bloggers/298
299;Быков, Дмитрий Львович;bloggers/299
300;Варламов, Илья Александрович;bloggers/300
301;Вассерман, Анатолий Александрович;bloggers/301
302;Вики Шоу;bloggers/302
303;Винокур, Владимир Натанович;bloggers/303
305;Волков, Леонид Михайлович (политик);bloggers/305
306;Воля, Павел Алексеевич;bloggers/306
307;Вэй, Маша;bloggers/307
308;Галкин, Максим Александрович;bloggers/308
309;Гасанов, Гусейн (блогер);bloggers/309
310;Генич, Константин Михайлович;bloggers/310
311;Гогунский, Виталий Евгеньевич;bloggers/311
312;Голополосов, Максим Сергеевич;bloggers/312
313;Гордеева, Катерина Владимировна;bloggers/313
314;Горин, Геннадий Александрович;bloggers/314
316;Гудков, Дмитрий Геннадьевич;bloggers/316
317;Гуриев, Сергей Маратович;bloggers/317
318;Дава;bloggers/318
319;Данилова, Арина Антоновна;bloggers/319
320;Дед Архимед;bloggers/320
321;Дёмочка, Виталий Евгеньевич;bloggers/321
322;Дёмушкин, Дмитрий Николаевич;bloggers/322
323;Дергилёва, Валерия Олеговна;bloggers/323
324;Джигурда, Никита Борисович;bloggers/324
325;Дзядко, Тихон Викторович;bloggers/325
326;Долин, Антон Владимирович;bloggers/326
327;Дудь, Юрий Александрович;bloggers/327
329;Елагин, Александр Викторович;bloggers/329
330;Жёлудь, Рома;bloggers/330
331;Жигалова, Алёна Евгеньевна;bloggers/331
332;Жосул, Елена Викторовна;bloggers/332
333;Жуков, Сергей Евгеньевич;bloggers/333
335;Зубов, Андрей Борисович;bloggers/335
336;Зыгарь, Михаил Викторович;bloggers/336
337;Ивакова, Мария Игоревна;bloggers/337
338;Ивангай;bloggers/338
341;Ивлев, Константин Витальевич;bloggers/341
343;Ильюхина, Мария Сергеевна;bloggers/343
344;Иосилевич, Михаил Александрович;bloggers/344
345;Истомина, Карина Игоревна;bloggers/345
346;Казанский, Денис Олегович;bloggers/346
347;Казарновская, Любовь Юрьевна;bloggers/347
348;Калашников, Максим Александрович;bloggers/348
349;Камикадзе Ди;bloggers/349
350;Каныгин, Павел Юрьевич;bloggers/350
351;Караулов, Андрей Викторович;bloggers/351
352;Карнавал, Валя;bloggers/352
353;Кац, Максим Евгеньевич;bloggers/353
354;Кашпировский, Анатолий Михайлович;bloggers/354
355;Клинаев, Егор Дмитриевич;bloggers/355
356;Кока, Клава;bloggers/356
357;Колезев, Дмитрий Евгеньевич;bloggers/357
358;Котрикадзе, Екатерина Бесикиевна;bloggers/358
359;Ксения Ларина;bloggers/359
360;Куваев, Олег Игоревич;bloggers/360
361;Куплинов, Дмитрий Алексеевич;bloggers/361
362;Кучер, Станислав Александрович;bloggers/362
363;Кушанашвили, Отар Шалвович;bloggers/363
364;Лабковский, Михаил Александрович;bloggers/364
365;Лазарева, Татьяна Юрьевна;bloggers/365
366;Лайк Настя;bloggers/366
367;Лапенко, Антон Вячеславович;bloggers/367
369;Ларин, Дмитрий (видеоблогер);bloggers/369
370;Латынина, Юлия Леонидовна;bloggers/370
371;Лебедев, Артемий Андреевич;bloggers/371
372;Лисевский, Богдан Владимирович;bloggers/372
373;Литвин, Михаил Андреевич;bloggers/373
375;Люба и Аркаша;bloggers/375
376;Лядов, Антон Вячеславович;bloggers/376
377;Мавроматти, Олег Юрьевич;bloggers/377
378;Мазеин, Максим Александрович;bloggers/378
379;Макарычев, Сергей Юрьевич;bloggers/379
380;Максимов, Георгий Валерьевич;bloggers/380
381;Мама отличника;bloggers/381
382;Манучаров, Вячеслав Рафаэлевич;bloggers/382
383;Масленников, Дима;bloggers/383
384;Мезенцев, Сергей Сергеевич;bloggers/384
385;Меньшова, Юлия Владимировна;bloggers/385
386;Месси (пума);bloggers/386
387;Милов, Владимир Станиславович;bloggers/387
388;Милохин, Даня;bloggers/388
389;Минаев, Сергей Сергеевич;bloggers/389
390;Михалков, Никита Сергеевич;bloggers/390
392;Миша Марвин;bloggers/392
393;Могучев, Всеволод Вячеславович;bloggers/393
395;Музыченко, Юрий Юрьевич;bloggers/395
396;Мусагалиев, Азамат Тахирович;bloggers/396
397;Мэддисон, Илья;bloggers/397
398;Мясников, Вячеслав Владимирович;bloggers/398
399;Набутов, Виктор Кириллович;bloggers/399
400;Набутов, Кирилл Викторович;bloggers/400
401;Навальный, Алексей Анатольевич;bloggers/401
402;Наумова, Марьяна Александровна;bloggers/402
403;Невзоров, Александр Глебович;bloggers/403
405;Нечаев, Андрей Алексеевич;bloggers/405
406;Нифёдов, Андрей;bloggers/406
407;Орлов, Геннадий Сергеевич;bloggers/407
409;Панкратова, Юлия Викторовна;bloggers/409
410;Парфёнов, Леонид Геннадьевич;bloggers/410
411;Платошкин, Николай Николаевич;bloggers/411
413;Поддубный, Евгений Евгеньевич;bloggers/413
414;Покров, Аня;bloggers/414
415;Понасенков, Евгений Николаевич;bloggers/415
416;Понкрашов, Антон Александрович;bloggers/416
417;Поперечный, Данила Алексеевич;bloggers/417
418;Попов, Алексей Львович;bloggers/418
419;Потапенко, Дмитрий Валерьевич;bloggers/419
420;Прилепин, Захар;bloggers/420
421;Прусикин, Илья Владимирович;bloggers/421
422;Пушман, Юлия;bloggers/422
423;Пушной, Александр Борисович;bloggers/423
424;Радзинский, Эдвард Станиславович;bloggers/424
425;Раевский, Александр Евгеньевич (японист);bloggers/425
426;Рашкин, Валерий Фёдорович;bloggers/426
427;Рогов, Кирилл Юрьевич;bloggers/427
428;Рожков, Андрей Борисович;bloggers/428
429;Ройзман, Евгений Вадимович;bloggers/429
430;Романов, Дмитрий Анатольевич (актёр);bloggers/430
431;Рубальская, Лариса Алексеевна;bloggers/431
432;Савин, Евгений Леонидович;bloggers/432
433;Садальский, Станислав Юрьевич;bloggers/433
435;Светов, Михаил Владимирович;bloggers/435
436;Сёмин, Константин Викторович;bloggers/436
437;Синяк, Игорь Витальевич;bloggers/437
438;Киркоров, Филипп Бедросович;bloggers/438
439;Walkie;bloggers/439
440;Бузова, Ольга Игоревна;bloggers/440
441;Воропанов, Сергей Александрович;bloggers/441
442;Гаврилина, Юля;bloggers/442
443;Горячёва, Маха;bloggers/443
444;Дегтярёв, Михаил Владимирович;bloggers/444
446;Корейка, Даша;bloggers/446
447;Малозёмов, Сергей Александрович;bloggers/447
448;Михеева, Алла Андреевна;bloggers/448
449;Монеточка;bloggers/449
450;Незлобин, Александр Васильевич;bloggers/450
451;Сажина, Елена Дмитриевна;bloggers/451
452;Утяшева, Ляйсан Альбертовна;bloggers/452
453;Хабиб (певец);bloggers/453
454;Хасбик;bloggers/454
455;Чеботина, Люся;bloggers/455
456;Dead Blonde;bloggers/456
459;Xolidayboy;bloggers/459
460;Блиновская, Елена Олеговна;bloggers/460
461;Боня, Виктория Анатольевна;bloggers/461
462;Жуковская, Евгения Евгеньевна;bloggers/462
464;Митрошина, Александра Александровна;bloggers/464
465;Сталингулаг;bloggers/465
466;Тодоренко, Регина Петровна;bloggers/466
468;Чекалина, Валерия Валерьевна;bloggers/468
469;Шейдлин, Эллен Викторовна;bloggers/469
